timestamp,path_a,path_b,n_requested,a_wins,b_wins,ties,errors,a_wins_p0,a_wins_p1,b_wins_p0,b_wins_p1,ties_p0,ties_p1,a_winrate,ci95
2026-07-04T01:21:11,nn/net_agent.py,../main.py,400,63,337,0,0,36,27,164,173,0,0,0.1575,0.0357
2026-07-04T01:22:13,nn/net_agent.py,nn/net_agent_seed.py,400,191,209,0,0,95,96,105,104,0,0,0.4775,0.049
2026-07-04T02:55:13,nn/net_agent.py,../main.py,400,46,354,0,0,22,24,178,176,0,0,0.115,0.0313
2026-07-04T02:56:21,nn/net_agent.py,nn/net_agent_seed.py,400,215,185,0,0,117,98,83,102,0,0,0.5375,0.0489
2026-07-04T12:43:42,main.py,training/nn/mcts_agent.py,10,7,3,0,0,5,2,0,3,0,0,0.7,0.284
2026-07-04T13:12:28,main.py,training/nn/mcts_agent.py,60,35,25,0,0,19,16,11,14,0,0,0.5833,0.1247
2026-07-04T13:44:19,main.py,training/nn/mcts_agent.py,40,27,13,0,0,17,10,3,10,0,0,0.675,0.1452
2026-07-04T14:07:09,main.py,training/nn/mcts_agent.py,6,5,1,0,0,2,3,1,0,0,0,0.8333,0.2982
2026-07-04T14:11:52,main.py,training/nn/score_argmax_agent.py,50,35,15,0,0,19,16,6,9,0,0,0.7,0.127
2026-07-04T14:34:39,main.py,training/nn/mcts_agent.py,8,6,2,0,0,2,4,2,0,0,0,0.75,0.3001
2026-07-04T15:23:12,main.py,training/nn/mcts_agent.py,60,59,1,0,0,29,30,1,0,0,0,0.9833,0.0324
2026-07-04T15:46:10,main.py,training/nn/mcts_agent.py,12,11,1,0,0,6,5,0,1,0,0,0.9167,0.1564
2026-07-04T17:12:28,main.py,training/nn/mcts_agent.py,50,50,0,0,0,25,25,0,0,0,0,1.0,0.0
2026-07-04T21:43:37,main.py,training\main_pre_phasec.py,400,203,197,0,0,104,99,96,101,0,0,0.5075,0.049
2026-07-05T03:17:26,main.py,opponents/lucario_agent.py,20,19,1,0,0,9,10,1,0,0,0,0.95,0.0955
2026-07-05T03:17:39,main.py,opponents/starmie_agent.py,20,20,0,0,0,10,10,0,0,0,0,1.0,0.0
2026-07-05T03:19:16,main.py,C:/Users/jande/AppData/Local/Temp/main_before_fix.py,300,168,132,0,0,89,79,61,71,0,0,0.56,0.0562
2026-07-05T03:20:26,main.py,training/baselines/v23.py,200,114,86,0,0,58,56,42,44,0,0,0.57,0.0686
2026-07-05T03:20:37,main.py,opponents/abomasnow_agent.py,40,38,2,0,0,20,18,0,2,0,0,0.95,0.0675
2026-07-05T13:13:30,training/nn/mcts_leafeval_agent.py,training/nn/dmc_agent.py,2,2,0,0,0,1,1,0,0,0,0,1.0,0.0
2026-07-05T13:28:14,training/nn/mcts_leafeval_agent.py,training/nn/dmc_agent.py,40,38,2,0,0,20,18,0,2,0,0,0.95,0.0675
2026-07-05T13:49:23,training/nn/mcts_leafeval_agent.py,main.py,30,2,28,0,0,0,2,15,13,0,0,0.0667,0.0893
2026-07-05T16:32:38,training/nn/mcts_leafeval_agent.py,main.py,30,6,24,0,0,3,3,12,12,0,0,0.2,0.1431
2026-07-05T19:44:23,training/nn/mcts_leafeval_agent.py,main.py,30,12,18,0,0,9,3,6,12,0,0,0.4,0.1753
2026-07-05T20:35:36,training/nn/mcts_leafeval_agent.py,main.py,100,19,81,0,0,8,11,42,39,0,0,0.19,0.0769
2026-07-06T11:44:26,training/nn/mcts_leafeval_agent.py,training/nn/dmc_agent.py,2,2,0,0,0,1,1,0,0,0,0,1.0,0.0
2026-07-06T18:17:22,training/nn/dmc_agent.py,main.py,2,0,2,0,0,0,0,1,1,0,0,0.0,0.0
2026-07-07T00:14:12,main.py,training/baselines/v28_pre_enriching_fix.py,400,215,185,0,0,120,95,80,105,0,0,0.5375,0.0489
2026-07-07T02:40:28,training/nn/ismcts_agent.py,training/baselines/v25c.py,50,0,50,0,0,0,0,25,25,0,0,0.0,0.0
2026-07-07T03:06:53,training/nn/ismcts_agent.py,training/baselines/v25c.py,20,0,20,0,0,0,0,10,10,0,0,0.0,0.0
2026-07-07T03:46:06,training/nn/ismcts_agent.py,training/nn/ismcts_placeholder_agent.py,20,8,12,0,0,5,3,5,7,0,0,0.4,0.2147
2026-07-07T04:29:24,training/nn/endgame_agent.py,training/baselines/v25c.py,50,33,17,0,0,13,20,12,5,0,0,0.66,0.1313
2026-07-07T15:18:39,training/nn/endgame_agent.py,main.py,400,236,164,0,0,125,111,75,89,0,0,0.59,0.0482
2026-07-07T17:35:13,main.py,C:/Users/jande/AppData/Local/Temp/main_baseline.py,200,110,90,0,0,65,45,35,55,0,0,0.55,0.0689
2026-07-07T21:57:17,training/nn/gumbel_endgame_agent.py,main.py,4,3,1,0,0,1,2,1,0,0,0,0.75,0.4244
2026-07-07T22:57:34,training/nn/rv_endgame_agent.py,main.py,4,2,2,0,0,1,1,1,1,0,0,0.5,0.49
2026-07-08T00:38:39,training/nn/endgame_agent.py,main.py,400,230,170,0,0,115,115,85,85,0,0,0.575,0.0484
2026-07-08T03:23:58,training/nn/endgame_agent.py,main.py,400,222,178,0,0,119,103,81,97,0,0,0.555,0.0487
2026-07-08T05:45:45,training/nn/gumbel_endgame_agent.py,training/nn/endgame_agent.py,400,205,195,0,0,101,104,99,96,0,0,0.5125,0.049
2026-07-08T06:18:51,training/nn/rv_endgame_agent.py,main.py,400,157,243,0,0,75,82,125,118,0,0,0.3925,0.0479
2026-07-08T06:22:21,main.py,C:\Users\jande\AppData\Local\Temp/main_baseline.py,400,212,188,0,0,121,91,79,109,0,0,0.53,0.0489
2026-07-08T09:20:45,main.py,opponents/lucario_agent.py,200,187,13,0,0,91,96,9,4,0,0,0.935,0.0342
2026-07-08T09:21:12,C:\Users\jande\AppData\Local\Temp/main_baseline.py,opponents/lucario_agent.py,200,187,13,0,0,91,96,9,4,0,0,0.935,0.0342
2026-07-08T09:21:42,training/baselines/v25c.py,opponents/lucario_agent.py,200,184,16,0,0,90,94,10,6,0,0,0.92,0.0376
2026-07-08T09:22:05,main.py,opponents/abomasnow_agent.py,200,192,8,0,0,99,93,1,7,0,0,0.96,0.0272
2026-07-08T09:22:27,C:\Users\jande\AppData\Local\Temp/main_baseline.py,opponents/abomasnow_agent.py,200,191,9,0,0,94,97,6,3,0,0,0.955,0.0287
2026-07-08T09:22:51,training/baselines/v25c.py,opponents/abomasnow_agent.py,200,195,5,0,0,99,96,1,4,0,0,0.975,0.0216
2026-07-08T09:44:12,training/nn/endgame_agent.py,opponents/lucario_agent.py,200,155,45,0,0,78,77,22,23,0,0,0.775,0.0579
2026-07-08T10:06:22,training/nn/endgame_agent.py,opponents/lucario_agent.py,20,12,8,0,0,6,6,4,4,0,0,0.6,0.2147
2026-07-08T10:09:42,training/nn/endgame_agent.py,opponents/abomasnow_agent.py,200,143,57,0,0,74,69,26,31,0,0,0.715,0.0626
2026-07-08T10:16:47,training/nn/selfplay_agent.py,training/random_agent.py,100,77,23,0,0,46,31,4,19,0,0,0.77,0.0825
2026-07-08T10:18:32,training/nn/selfplay_agent.py,main.py,100,5,95,0,0,1,4,49,46,0,0,0.05,0.0427
2026-07-08T10:37:14,training/nn/selfplay_agent.py,training/random_agent.py,100,89,11,0,0,42,47,8,3,0,0,0.89,0.0613
2026-07-08T10:38:10,training/nn/selfplay_agent.py,main.py,100,8,92,0,0,2,6,48,44,0,0,0.08,0.0532
2026-07-08T10:38:28,training/nn/endgame_agent.py,opponents/lucario_agent.py,200,155,45,0,0,75,80,25,20,0,0,0.775,0.0579
2026-07-08T10:58:26,training/nn/endgame_agent.py,opponents/abomasnow_agent.py,200,151,49,0,0,82,69,18,31,0,0,0.755,0.0596
2026-07-08T15:36:25,training/nn/endgame_agent.py,opponents/lucario_agent.py,200,146,54,0,0,75,71,25,29,0,0,0.73,0.0615
2026-07-08T15:47:38,training/nn/endgame_agent.py,opponents/abomasnow_agent.py,200,150,50,0,0,77,73,23,27,0,0,0.75,0.06
