replay,opponent,archetype
replays\v22\83156504.json,japan nobu,alakazam
replays\v22\83157922.json,Alfonso Sánchez,alakazam
replays\v22\83159402.json,ikaikasama,dragapult
replays\v23\83166796.json,Kazuta MIZUTA,archaludon
replays\v23\83168091.json,Tsuyoshi Chiba,alakazam
replays\v23\83168738.json,Thazzeus,lucario
replays\v23\83173539.json,titanascended,lucario
replays\v23\83175768.json,need a job (we're unemployed),grimmsnarl
replays\v23\83296936.json,tellusium,starmie
replays\v23\83309593.json,StockMagikarp,abomasnow
replays\v23\83327563.json,IIDA,starmie
replays\v23\83332461.json,suguuuuu & hiehie,rockets-mewtwo
replays\v23\83344386.json,kajitake,dragapult
replays\v23\83347329.json,KellersInColorado,dragapult
replays\v23\83348630.json,ヌメルゴンex,crustle
replays\v23\83358041 (1).json,Akhil Chinta,archaludon
replays\v23\83358041.json,Akhil Chinta,archaludon
replays\v23\83367960.json,monnosuke,dragapult
replays\v25.2\83454333.json,MooDerEchte,crustle
replays\v25.2\83455146.json,Praxel,archaludon
replays\v25.2\83455814.json,Praxel,archaludon
replays\v25.2\83458785.json,Davide,starmie
replays\v25.2\83459589.json,baudo828,crustle
replays\v25.2\83461698.json,"Pikachu, I choose you!",lucario
replays\v25.2\83462350.json,curry panda ex,lucario
replays\v25\83429870-1.json,?,PARSE_ERROR('list' object has no attribute 'get')
replays\v25\83429870.json,Kento_1938,other/unknown
replays\v26c\83469078.json,hoodrichpirobo,alakazam
replays\v22\83156504.json,japan nobu,alakazam
replays\v22\83157922.json,Alfonso Sánchez,alakazam
replays\v22\83159402.json,ikaikasama,dragapult
replays\v23\83166796.json,Kazuta MIZUTA,archaludon
replays\v23\83168091.json,Tsuyoshi Chiba,alakazam
replays\v23\83168738.json,Thazzeus,lucario
replays\v23\83173539.json,titanascended,lucario
replays\v23\83175768.json,need a job (we're unemployed),grimmsnarl
replays\v23\83296936.json,tellusium,starmie
replays\v23\83309593.json,StockMagikarp,abomasnow
replays\v23\83327563.json,IIDA,starmie
replays\v23\83332461.json,suguuuuu & hiehie,rockets-mewtwo
replays\v23\83344386.json,kajitake,dragapult
replays\v23\83347329.json,KellersInColorado,dragapult
replays\v23\83348630.json,ヌメルゴンex,crustle
replays\v23\83358041 (1).json,Akhil Chinta,archaludon
replays\v23\83358041.json,Akhil Chinta,archaludon
replays\v23\83367960.json,monnosuke,dragapult
replays\v25.2\83454333.json,MooDerEchte,crustle
replays\v25.2\83455146.json,Praxel,archaludon
replays\v25.2\83455814.json,Praxel,archaludon
replays\v25.2\83458785.json,Davide,starmie
replays\v25.2\83459589.json,baudo828,crustle
replays\v25.2\83461698.json,"Pikachu, I choose you!",lucario
replays\v25.2\83462350.json,curry panda ex,lucario
replays\v25\83429870-1.json,?,PARSE_ERROR('list' object has no attribute 'get')
replays\v25\83429870.json,Kento_1938,other/unknown
replays\v26c\83469078.json,hoodrichpirobo,alakazam
replays\bulk\episode-80740669-replay.json,Jason Anderson,other/unknown
replays\bulk\episode-80741254-replay.json,RyotaroAbe,alakazam
replays\bulk\episode-80741768-replay.json,taichi-1,abomasnow
replays\bulk\episode-80742271-replay.json,Genocide Hashimoto,bellibolt
replays\bulk\episode-80742941-replay.json,takoyaki_taiyaki,lucario
replays\bulk\episode-80743443-replay.json,rian55,alakazam
replays\bulk\episode-80744109-replay.json,hashimu,other/unknown
replays\bulk\episode-80744621-replay.json,Mohammad Hatoum,abomasnow
replays\bulk\episode-80745129-replay.json,Eruto Kondo,rockets-mewtwo
replays\bulk\episode-80745803-replay.json,HirotaSaurus,lucario
replays\bulk\episode-80746308-replay.json,nao_370,abomasnow
replays\bulk\episode-80746988-replay.json,wouter roels,dragapult
replays\bulk\episode-80747663-replay.json,gota,abomasnow
replays\bulk\episode-80748166-replay.json,mingjiang,other/unknown
replays\bulk\episode-80748666-replay.json,Joey Dufourd,other/unknown
replays\bulk\episode-80749338-replay.json,KTG,alakazam
replays\bulk\episode-80749844-replay.json,naoki,rockets-mewtwo
replays\bulk\episode-80750365-replay.json,sea8gull,crustle
replays\bulk\episode-80750867-replay.json,イチノセ,gardevoir
replays\bulk\episode-80751316-replay.json,Vedant A.,bellibolt
replays\bulk\episode-80751368-replay.json,Sumant V J,dragapult
replays\bulk\episode-80754513-replay.json,wouter roels,other/unknown
replays\bulk\episode-80758012-replay.json,Kalameet,other/unknown
replays\bulk\episode-80761713-replay.json,David Ralf,other/unknown
replays\bulk\episode-80775772-replay.json,GarlicToday,alakazam
replays\bulk\episode-80800765-replay.json,Ivan Lee,dragapult
replays\bulk\episode-80824237-replay.json,LumenLiquidity,dragapult
replays\bulk\episode-80854099-replay.json,sukesuke012,dragapult
replays\bulk\episode-80864225-replay.json,IM AI AGENT,dragapult
replays\bulk\episode-80870861-replay.json,てうぽけ,alakazam
replays\bulk\episode-80881228-replay.json,Obaachan Sensei to AI Gundan,other/unknown
replays\bulk\episode-80883601-replay.json,juice-le,bellibolt
replays\bulk\episode-80909106-replay.json,Jason Anderson,lucario
replays\bulk\episode-80909224-replay.json,いせえび,other/unknown
replays\bulk\episode-80909958-replay.json,Jeffrey Pike,abomasnow
replays\bulk\episode-80910497-replay.json,Matthew Huang,other/unknown
replays\bulk\episode-80910538-replay.json,Myagi,crustle
replays\bulk\episode-80911076-replay.json,Ricky Yuen,other/unknown
replays\bulk\episode-80911154-replay.json,Kitaev,lucario
replays\bulk\episode-80911651-replay.json,UrbanFox,other/unknown
replays\bulk\episode-80912397-replay.json,Shuri Ikeno,dragapult
replays\bulk\episode-80913150-replay.json,Lumina-jp,other/unknown
replays\bulk\episode-80913872-replay.json,Sushi Party,lucario
replays\bulk\episode-80914429-replay.json,Joshua,bellibolt
replays\bulk\episode-80915175-replay.json,Eesh saxena,abomasnow
replays\bulk\episode-80915920-replay.json,bruxelles,lucario
replays\bulk\episode-80919199-replay.json,YukiIde,abomasnow
replays\bulk\episode-80921891-replay.json,Kei M,lucario
replays\bulk\episode-80929042-replay.json,eimanjibot,other/unknown
replays\bulk\episode-80931727-replay.json,SENGA,lucario
replays\bulk\episode-80939675-replay.json,Robina,abomasnow
replays\bulk\episode-80940442-replay.json,TAKUMI7775,other/unknown
replays\bulk\episode-80943993-replay.json,Neko,other/unknown
replays\bulk\episode-80951452-replay.json,KDelapeace,abomasnow
replays\bulk\episode-80953817-replay.json,ZM0526,raging-bolt
replays\bulk\episode-80955635-replay.json,arm10n,other/unknown
replays\bulk\episode-80956304-replay.json,nethakase,abomasnow
replays\bulk\episode-80961815-replay.json,yeonggil7,grimmsnarl
replays\bulk\episode-80965040-replay.json,af21081,other/unknown
replays\bulk\episode-80967411-replay.json,seven,abomasnow
replays\bulk\episode-80972207-replay.json,KellersInColorado,dragapult
replays\bulk\episode-80981148-replay.json,YusukeKatoPremium,crustle
replays\bulk\episode-80991266-replay.json,Sholtis Labs,other/unknown
replays\bulk\episode-81007638-replay.json,BioMath,alakazam
replays\bulk\episode-81008869-replay.json,nekokaeru,other/unknown
replays\bulk\episode-81019505-replay.json,jiatu.l,other/unknown
replays\bulk\episode-81045211-replay.json,Edward Lue Chee Lip,other/unknown
replays\bulk\episode-81052933-replay.json,Team A-B-A,alakazam
replays\bulk\episode-81055182-replay.json,yottan0304,other/unknown
replays\bulk\episode-81062044-replay.json,YOYOYO2026,other/unknown
replays\bulk\episode-81067415-replay.json,Ryosei T,other/unknown
replays\bulk\episode-81071079-replay.json,team asayan,dragapult
replays\bulk\episode-81084233-replay.json,nigenight,other/unknown
replays\bulk\episode-81085514-replay.json,LLLJ,alakazam
replays\bulk\episode-81088912-replay.json,makimakiver,other/unknown
replays\bulk\episode-81093468-replay.json,Aakansha.aakaa,abomasnow
replays\bulk\episode-81094634-replay.json,Y.Kaisei,lucario
replays\bulk\episode-81099582-replay.json,kawaiy,bellibolt
replays\bulk\episode-81103763-replay.json,The Rocket Science,abomasnow
replays\bulk\episode-81113296-replay.json,cAco3,crustle
replays\bulk\episode-81117691-replay.json,Alberto Bonsanto,other/unknown
replays\bulk\episode-81128693-replay.json,RiJ,lucario
replays\bulk\episode-81132002-replay.json,すも（もす）,other/unknown
replays\bulk\episode-81144819-replay.json,Yohei Fushii,raging-bolt
replays\bulk\episode-81147181-replay.json,Pokemick,alakazam
replays\bulk\episode-81159022-replay.json,andayougui,alakazam
replays\bulk\episode-81163529-replay.json,nyahomaru.,other/unknown
replays\bulk\episode-81164797-replay.json,OsElCoUniv,other/unknown
replays\bulk\episode-81173564-replay.json,huurou,other/unknown
replays\bulk\episode-81182281-replay.json,fabio rovai,lucario
replays\bulk\episode-81193664-replay.json,Safiullah Baig,other/unknown
replays\bulk\episode-81201953-replay.json,nya,lucario
replays\bulk\episode-81208347-replay.json,Obaachan Sensei to AI Gundan,abomasnow
replays\bulk\episode-81215266-replay.json,protoLabsStudio,other/unknown
replays\bulk\episode-81215338-replay.json,Xiaolei Lian,dragapult
replays\bulk\episode-81217754-replay.json,Myagi,grimmsnarl
replays\bulk\episode-81225044-replay.json,naisow,dragapult
replays\bulk\episode-81227155-replay.json,（かえる）,dragapult
replays\bulk\episode-81242924-replay.json,SO0529,crustle
replays\bulk\episode-81246719-replay.json,Varish Guharaman,other/unknown
replays\bulk\episode-81247994-replay.json,Ultra7,other/unknown
replays\bulk\episode-81253767-replay.json,OKDI,alakazam
replays\bulk\episode-81261753-replay.json,フクフク,other/unknown
replays\bulk\episode-81267379-replay.json,Insper TCG,other/unknown
replays\bulk\episode-81273829-replay.json,aoi_sugawara,dragapult
replays\bulk\episode-81276880-replay.json,Apocalypse7,dragapult
replays\bulk\episode-81283286-replay.json,fuku_support,raging-bolt
replays\bulk\episode-81289035-replay.json,Ryosei T,other/unknown
replays\bulk\episode-81307723-replay.json,aoi_sugawara,dragapult
replays\bulk\episode-81313234-replay.json,akahane,other/unknown
replays\bulk\episode-81344249-replay.json,Tanishi＆haru,other/unknown
replays\bulk\episode-81348176-replay.json,KAI JP,other/unknown
replays\bulk\episode-81372669-replay.json,CYLIM87,dragapult
replays\bulk\episode-81372790-replay.json,Aji Samudra,lucario
replays\bulk\episode-81384059-replay.json,情理とこうせい,gardevoir
replays\bulk\episode-81505827-replay.json,Tanupro,other/unknown
replays\bulk\episode-81519810-replay.json,Tanupro,starmie
replays\bulk\episode-81543932-replay.json,shimacos,other/unknown
replays\bulk\episode-81577116-replay.json,nodel,alakazam
replays\bulk\episode-81579423-replay.json,Kevin Ramirez,dragapult
replays\bulk\episode-81586521-replay.json,satofi,other/unknown
replays\bulk\episode-81588587-replay.json,Syed Saad Hasan Emad,starmie
replays\bulk\episode-81647914-replay.json,harmo-miu,other/unknown
replays\bulk\episode-81649173-replay.json,Jason Anderson,other/unknown
replays\bulk\episode-81649888-replay.json,laddaL,dragapult
replays\bulk\episode-81650529-replay.json,YT,dragapult
replays\bulk\episode-81650999-replay.json,ningeeen,lucario
replays\bulk\episode-81651449-replay.json,ktm,dragapult
replays\bulk\episode-81651578-replay.json,arutoria,other/unknown
replays\bulk\episode-81652101-replay.json,Forager,alakazam
replays\bulk\episode-81652720-replay.json,nogu,other/unknown
replays\bulk\episode-81653208-replay.json,Rojiura Studio,abomasnow
replays\bulk\episode-81653696-replay.json,Hiroyasu123,other/unknown
replays\bulk\episode-81654318-replay.json,ikeyu,alakazam
replays\bulk\episode-81654946-replay.json,aosi123,other/unknown
replays\bulk\episode-81655583-replay.json,NiaAtSyzd,lucario
replays\bulk\episode-81655867-replay.json,Jason Anderson,alakazam
replays\bulk\episode-81656003-replay.json,xinpw8,abomasnow
replays\bulk\episode-81656470-replay.json,Libur_,starmie
replays\bulk\episode-81657015-replay.json,Kazuma Mori,dragapult
replays\bulk\episode-81657477-replay.json,Ultra7,other/unknown
replays\bulk\episode-81658124-replay.json,結束バンド,starmie
replays\bulk\episode-81658730-replay.json,Kasuga,lucario
replays\bulk\episode-81659219-replay.json,RLAP,other/unknown
replays\bulk\episode-81659858-replay.json,family hattori,bellibolt
replays\bulk\episode-81660217-replay.json,Jason Anderson,alakazam
replays\bulk\episode-81660334-replay.json,Daikon99,other/unknown
replays\bulk\episode-81660769-replay.json,Kazuyoshi SUZUKI,lucario
replays\bulk\episode-81661249-replay.json,MiTo Barchetta,lucario
replays\bulk\episode-81661721-replay.json,Jared Luboff,other/unknown
replays\bulk\episode-81661852-replay.json,yw8837,other/unknown
replays\bulk\episode-81662174-replay.json,kenta matsumoto,starmie
replays\bulk\episode-81662800-replay.json,Lucas Henrique Mateo,lucario
replays\bulk\episode-81663436-replay.json,graybackcat,dragapult
replays\bulk\episode-81663907-replay.json,Baker Jackson,dragapult
replays\bulk\episode-81664558-replay.json,KinpatsuPoke,other/unknown
replays\bulk\episode-81665517-replay.json,Apocalypse7,other/unknown
replays\bulk\episode-81665970-replay.json,Gaarv,abomasnow
replays\bulk\episode-81667570-replay.json,YOGESH M,abomasnow
replays\bulk\episode-81669359-replay.json,Jason Anderson,alakazam
replays\bulk\episode-81669808-replay.json,Jason Anderson,alakazam
replays\bulk\episode-81669905-replay.json,soba sobasoba,other/unknown
replays\bulk\episode-81669912-replay.json,yuki,other/unknown
replays\bulk\episode-81669917-replay.json,世界のたまちゃん,other/unknown
replays\bulk\episode-81670361-replay.json,tf,lucario
replays\bulk\episode-81670369-replay.json,daigakupotato,other/unknown
replays\bulk\episode-81670823-replay.json,Limo,crustle
replays\bulk\episode-81670832-replay.json,Fran Milla,alakazam
replays\bulk\episode-81671284-replay.json,Squirrel,starmie
replays\bulk\episode-81671296-replay.json,Myckel Uribe,starmie
replays\bulk\episode-81671910-replay.json,Edgar Silva R,lucario
replays\bulk\episode-81671914-replay.json,Yousef Turk,lucario
replays\bulk\episode-81672385-replay.json,Yuto Umehara,lucario
replays\bulk\episode-81672389-replay.json,zzz_nya,crustle
replays\bulk\episode-81672841-replay.json,Sanc Tuary,dragapult
replays\bulk\episode-81672853-replay.json,choku777,starmie
replays\bulk\episode-81673302-replay.json,hisa ito,abomasnow
replays\bulk\episode-81673309-replay.json,abidencewww,other/unknown
replays\bulk\episode-81673758-replay.json,kenn,starmie
replays\bulk\episode-81673760-replay.json,のはたく,abomasnow
replays\bulk\episode-81673824-replay.json,askamijo,alakazam
replays\bulk\episode-81674212-replay.json,Kazuta MIZUTA,lucario
replays\bulk\episode-81674242-replay.json,チーム魔剤,crustle
replays\bulk\episode-81674835-replay.json,cam3ronc,lucario
replays\bulk\episode-81674853-replay.json,heart_mugi,other/unknown
replays\bulk\episode-81675297-replay.json,Kasuga,lucario
replays\bulk\episode-81675313-replay.json,andmohiko,other/unknown
replays\bulk\episode-81675743-replay.json,cgaines,lucario
replays\bulk\episode-81675764-replay.json,EL,crustle
replays\bulk\episode-81676361-replay.json,Lucas Ween,abomasnow
replays\bulk\episode-81676383-replay.json,Kitaev,lucario
replays\bulk\episode-81676982-replay.json,daiki_pyonkichi,lucario
replays\bulk\episode-81679311-replay.json,Takusato,alakazam
replays\bulk\episode-81680628-replay.json,Du Dinh,lucario
replays\bulk\episode-81681211-replay.json,zhang et al.,starmie
replays\bulk\episode-81681757-replay.json,ninjya777,abomasnow
replays\bulk\episode-81684640-replay.json,Hiroyasu123,other/unknown
replays\bulk\episode-81686714-replay.json,Davide,other/unknown
replays\bulk\episode-81691366-replay.json,Nithin maktha,lucario
replays\bulk\episode-81694484-replay.json,kishingo,other/unknown
replays\bulk\episode-81699117-replay.json,BlueBuild4,lucario
replays\bulk\episode-81704768-replay.json,kazu107,abomasnow
replays\bulk\episode-81704773-replay.json,mogura2.0,starmie
replays\bulk\episode-81706869-replay.json,makosukepapa,starmie
replays\bulk\episode-81708526-replay.json,ぶれめか,other/unknown
replays\bulk\episode-81715276-replay.json,AGNT.gg,lucario
replays\bulk\episode-81722376-replay.json,Patrick M.,abomasnow
replays\bulk\episode-81725109-replay.json,Squirrel,starmie
replays\bulk\episode-81728491-replay.json,shimacos,dragapult
replays\bulk\episode-81737444-replay.json,Taimo,alakazam
replays\bulk\episode-81738851-replay.json,codebeforework,bellibolt
replays\bulk\episode-81756036-replay.json,Yuu K,dragapult
replays\bulk\episode-81772920-replay.json,ゆづいぶ,other/unknown
replays\bulk\episode-81774352-replay.json,orikage,dragapult
replays\bulk\episode-81775498-replay.json,RamaswamyBala,raging-bolt
replays\bulk\episode-81776441-replay.json,shige,lucario
replays\bulk\episode-81776474-replay.json,works.management,other/unknown
replays\bulk\episode-81780193-replay.json,Masaya_SAN,lucario
replays\bulk\episode-81793266-replay.json,Aditya Mishra,lucario
replays\bulk\episode-81803195-replay.json,岡村卓磨,other/unknown
replays\bulk\episode-81804019-replay.json,Jason Anderson,alakazam
replays\bulk\episode-81804563-replay.json,Made a Beautiful Bouquet,alakazam
replays\bulk\episode-81805183-replay.json,Nullx2,crustle
replays\bulk\episode-81805796-replay.json,Neko #2,lucario
replays\bulk\episode-81806267-replay.json,haru0707,crustle
replays\bulk\episode-81806882-replay.json,Tia_Stella,gardevoir
replays\bulk\episode-81807340-replay.json,coba11,alakazam
replays\bulk\episode-81807800-replay.json,Sugano Yuta,lucario
replays\bulk\episode-81808263-replay.json,makimakiver,dragapult
replays\bulk\episode-81808875-replay.json,SpeedSci,lucario
replays\bulk\episode-81809351-replay.json,RiJ,crustle
replays\bulk\episode-81809807-replay.json,Morim,lucario
replays\bulk\episode-81810264-replay.json,miruto,other/unknown
replays\bulk\episode-81810731-replay.json,Yotsuba_4848,other/unknown
replays\bulk\episode-81811333-replay.json,RairoRapha,crustle
replays\bulk\episode-81811951-replay.json,D.Minami802,other/unknown
replays\bulk\episode-81812367-replay.json,Jason Anderson,alakazam
replays\bulk\episode-81812565-replay.json,keito k4,crustle
replays\bulk\episode-81812919-replay.json,Roo333,starmie
replays\bulk\episode-81813017-replay.json,kaggle_bbgg,crustle
replays\bulk\episode-81813372-replay.json,kanadomekei,other/unknown
replays\bulk\episode-81813373-replay.json,tellurium_rrr,other/unknown
replays\bulk\episode-81813495-replay.json,Ryos8515,dragapult
replays\bulk\episode-81813838-replay.json,いせえび,dragapult
replays\bulk\episode-81814020-replay.json,yoshi2no,lucario
replays\bulk\episode-81814457-replay.json,Baidalin Adilzhan [dsml.kz],lucario
replays\bulk\episode-81814569-replay.json,Evan Liu,abomasnow
replays\bulk\episode-81814929-replay.json,makosukepapa,starmie
replays\bulk\episode-81815033-replay.json,win a real gold medal,lucario
replays\bulk\episode-81815549-replay.json,CatPurrgramming,crustle
replays\bulk\episode-81815653-replay.json,Bozo Boys,lucario
replays\bulk\episode-81816023-replay.json,STR-PAPA,other/unknown
replays\bulk\episode-81816107-replay.json,AGNT.gg,lucario
replays\bulk\episode-81816489-replay.json,ZEC Keita,abomasnow
replays\bulk\episode-81816952-replay.json,ktm,dragapult
replays\bulk\episode-81817562-replay.json,re_eee_ne,other/unknown
replays\bulk\episode-81818182-replay.json,s2terminal,other/unknown
replays\bulk\episode-81818751-replay.json,schezo,lucario
replays\bulk\episode-81819381-replay.json,Aslan168,crustle
replays\bulk\episode-81819859-replay.json,ruten,lucario
replays\bulk\episode-81820113-replay.json,Jason Anderson,alakazam
replays\bulk\episode-81820213-replay.json,Kazuki Shiraishi,other/unknown
replays\bulk\episode-81820331-replay.json,Super Mippo,lucario
replays\bulk\episode-81820686-replay.json,sakataxr,alakazam
replays\bulk\episode-81820803-replay.json,Ethan Yang,other/unknown
replays\bulk\episode-81820807-replay.json,nekokaeru,dragapult
replays\bulk\episode-81821305-replay.json,ttmn,lucario
replays\bulk\episode-81821419-replay.json,trail,starmie
replays\bulk\episode-81821761-replay.json,Teddy McBride,alakazam
replays\bulk\episode-81821876-replay.json,nakazu,alakazam
replays\bulk\episode-81822374-replay.json,shg195,other/unknown
replays\bulk\episode-81822486-replay.json,jwils4,crustle
replays\bulk\episode-81822996-replay.json,YU YAUCHI,starmie
replays\bulk\episode-81823097-replay.json,Daikon99,other/unknown
replays\bulk\episode-81823652-replay.json,Jagannath Athmaraman,lucario
replays\bulk\episode-81823717-replay.json,heren-27,lucario
replays\bulk\episode-81824213-replay.json,Gary,abomasnow
replays\bulk\episode-81824328-replay.json,naokichi4869,crustle
replays\bulk\episode-81824829-replay.json,リュミオーネTom,lucario
replays\bulk\episode-81825444-replay.json,Haekal D,other/unknown
replays\bulk\episode-81825895-replay.json,fufufufufuko,rockets-mewtwo
replays\bulk\episode-81825931-replay.json,arrow_utpoke,gardevoir
replays\bulk\episode-81826378-replay.json,tochiri,other/unknown
replays\bulk\episode-81826909-replay.json,Gosuke Watanabe,bellibolt
replays\bulk\episode-81827030-replay.json,いせえび,dragapult
replays\bulk\episode-81827455-replay.json,CyberGhost2077,crustle
replays\bulk\episode-81827916-replay.json,Kokoro0711,crustle
replays\bulk\episode-81828496-replay.json,Ricky Yuen,crustle
replays\bulk\episode-81829165-replay.json,Brian Altan,lucario
replays\bulk\episode-81829639-replay.json,Kaleidoooooo,dragapult
replays\bulk\episode-81830271-replay.json,hatata,alakazam
replays\bulk\episode-81830730-replay.json,Takutsu,other/unknown
replays\bulk\episode-81831346-replay.json,jannchie,starmie
replays\bulk\episode-81831964-replay.json,yuki,crustle
replays\bulk\episode-81832441-replay.json,"Yuka,Ota",alakazam
replays\bulk\episode-81833380-replay.json,HughTCG,other/unknown
replays\bulk\episode-81833817-replay.json,jiatu.l,other/unknown
replays\bulk\episode-81835059-replay.json,h_noson,starmie
replays\bulk\episode-81839513-replay.json,MD. Nazmus Sakib Anik,starmie
replays\bulk\episode-81850876-replay.json,airMac 778,alakazam
replays\bulk\episode-81859002-replay.json,Electoria,dragapult
replays\bulk\episode-81859523-replay.json,mhiro2,other/unknown
replays\bulk\episode-81867596-replay.json,noikaret,other/unknown
replays\bulk\episode-81879655-replay.json,SAKU,other/unknown
replays\bulk\episode-81886084-replay.json,Gappy,alakazam
replays\bulk\episode-81892159-replay.json,pensukesan,lucario
replays\bulk\episode-81893191-replay.json,fttp,starmie
replays\bulk\episode-81896405-replay.json,Roland Gerlinger,starmie
replays\bulk\episode-81896975-replay.json,nick gault,lucario
replays\bulk\episode-81898436-replay.json,LLLJ,starmie
replays\bulk\episode-81901849-replay.json,LeonArdoV.,lucario
replays\bulk\episode-81912752-replay.json,yuki matsumori,starmie
replays\bulk\episode-81913871-replay.json,PKMN Trainer L,other/unknown
replays\bulk\episode-81914440-replay.json,jp_nerdery,other/unknown
replays\bulk\episode-81918177-replay.json,Stef Limited,alakazam
replays\bulk\episode-81918215-replay.json,Sapiens Livre,abomasnow
replays\bulk\episode-81919438-replay.json,KojiKRSE,other/unknown
replays\bulk\episode-81923005-replay.json,TheDuck,starmie
replays\bulk\episode-81925190-replay.json,theredbluepill,starmie
replays\bulk\episode-81930052-replay.json,TheDigitalCK,other/unknown
replays\bulk\episode-81933815-replay.json,ひげだるま(inovie株式会社),crustle
replays\bulk\episode-81944852-replay.json,kokoa,starmie
replays\bulk\episode-81945931-replay.json,czechmix,alakazam
replays\bulk\episode-81947243-replay.json,JJ Bean,starmie
replays\bulk\episode-81967909-replay.json,iwatsushi,lucario
replays\bulk\episode-81968436-replay.json,szyulian,bellibolt
replays\bulk\episode-81968881-replay.json,yiyu0716,other/unknown
replays\bulk\episode-81976273-replay.json,Tom,crustle
replays\bulk\episode-81984870-replay.json,tyakku_k2k,other/unknown
replays\bulk\episode-81997098-replay.json,Quentin Gense,crustle
replays\bulk\episode-82003670-replay.json,terassyi,other/unknown
replays\bulk\episode-82007079-replay.json,Mayu Takagi,abomasnow
replays\bulk\episode-82018696-replay.json,Shunji Minode,other/unknown
replays\bulk\episode-82023698-replay.json,SKMAAX,starmie
replays\bulk\episode-82027849-replay.json,yiyu0716,crustle
replays\bulk\episode-82045189-replay.json,taka0808,other/unknown
replays\bulk\episode-82067317-replay.json,iwtn,starmie
replays\bulk\episode-82067397-replay.json,孤独のコーヒー,dragapult
replays\bulk\episode-82077507-replay.json,shintacs,lucario
replays\bulk\episode-82080373-replay.json,KellersInColorado,dragapult
replays\bulk\episode-82086508-replay.json,N,other/unknown
replays\bulk\episode-82108406-replay.json,Alberto Bonsanto,dragapult
replays\bulk\episode-82108417-replay.json,CourtB559,lucario
replays\bulk\episode-82116542-replay.json,YuyaSuzuki,starmie
replays\bulk\episode-82121185-replay.json,HAL TCG Dojo,lucario
replays\bulk\episode-82124563-replay.json,jp_nerdery,other/unknown
replays\bulk\episode-82139921-replay.json,bono,starmie
replays\bulk\episode-82147264-replay.json,ahawd,starmie
replays\bulk\episode-82150385-replay.json,yuhei,starmie
replays\bulk\episode-82151776-replay.json,kidekikish,starmie
replays\bulk\episode-82162489-replay.json,M Rislan Tristansyah,lucario
replays\bulk\episode-82169231-replay.json,Danielvo59,other/unknown
replays\bulk\episode-82174557-replay.json,kenn,dragapult
replays\bulk\episode-82183460-replay.json,mochikiichigo,starmie
replays\bulk\episode-82186516-replay.json,Ryu_san,alakazam
replays\bulk\episode-82202144-replay.json,JiMing Feng,other/unknown
replays\bulk\episode-82204958-replay.json,ryusei,other/unknown
replays\bulk\episode-82214097-replay.json,bacon4423,abomasnow
replays\bulk\episode-82217092-replay.json,aosi123,other/unknown
replays\bulk\episode-82224657-replay.json,MIRAI LAB,starmie
replays\bulk\episode-82225292-replay.json,PRMNC,other/unknown
replays\bulk\episode-82226277-replay.json,tenajima,dragapult
replays\bulk\episode-82232950-replay.json,Viturv Pathak,dragapult
replays\bulk\episode-82239614-replay.json,E_96tree,lucario
replays\bulk\episode-82243180-replay.json,rsuet61,other/unknown
replays\bulk\episode-82245333-replay.json,Tardigrades,other/unknown
replays\bulk\episode-82247496-replay.json,shoot0645,alakazam
replays\bulk\episode-82250421-replay.json,yuuuki1111,other/unknown
replays\bulk\episode-82250773-replay.json,OchiAI820,alakazam
replays\bulk\episode-82252028-replay.json,FcoUniverse,other/unknown
replays\bulk\episode-82253081-replay.json,yuu2704,starmie
replays\bulk\episode-82254155-replay.json,Topdecking is All You Need,other/unknown
replays\bulk\episode-82259381-replay.json,kiyu,dragapult
replays\bulk\episode-82269916-replay.json,DenisEdwards,other/unknown
replays\bulk\episode-82278778-replay.json,NomiBoo,starmie
replays\bulk\episode-82298161-replay.json,nekukoro,other/unknown
replays\bulk\episode-82309931-replay.json,Samuel Verneri Ojala,crustle
replays\bulk\episode-82322213-replay.json,Tresure,abomasnow
replays\bulk\episode-82327233-replay.json,MoongladeAI,starmie
replays\bulk\episode-82331354-replay.json,Yusuke Aoki002,other/unknown
replays\bulk\episode-82336881-replay.json,zumatin,other/unknown
replays\bulk\episode-82338984-replay.json,yuu2704,other/unknown
replays\bulk\episode-82340224-replay.json,kurikuri54,starmie
replays\bulk\episode-82340976-replay.json,qiancheng1999,other/unknown
replays\bulk\episode-82345250-replay.json,Masatoshi Taniguchi,starmie
replays\bulk\episode-82350931-replay.json,keiz,crustle
replays\bulk\episode-82360887-replay.json,warabiimu,dragapult
replays\bulk\episode-82363324-replay.json,Yan Enrique,archaludon
replays\bulk\episode-82374232-replay.json,Shinichi,lucario
replays\bulk\episode-82380209-replay.json,NomiBoo,archaludon
replays\bulk\episode-82384061-replay.json,sunako24d,dragapult
replays\bulk\episode-82386854-replay.json,yato higa,alakazam
replays\bulk\episode-82386957-replay.json,yshinok,other/unknown
replays\bulk\episode-82433419-replay.json,naokichi4869,crustle
replays\bulk\episode-82439352-replay.json,沢栗 ぺんた,dragapult
replays\bulk\episode-82448665-replay.json,テライFACC,other/unknown
replays\bulk\episode-82455704-replay.json,knomura1703,alakazam
replays\bulk\episode-82469679-replay.json,akzw,lucario
replays\bulk\episode-82475552-replay.json,MangaNow,other/unknown
replays\bulk\episode-82489835-replay.json,Wilson Mugabo,abomasnow
replays\bulk\episode-82504010-replay.json,Seasaw,other/unknown
replays\bulk\episode-82506681-replay.json,Tatsuya50,dragapult
replays\bulk\episode-82507714-replay.json,Jose Coronel,other/unknown
replays\bulk\episode-82515734-replay.json,vkhydras,archaludon
replays\bulk\episode-82517815-replay.json,Mih Zam,bellibolt
replays\bulk\episode-82518889-replay.json,nakayashiki697,dragapult
replays\bulk\episode-82519598-replay.json,takaygiiiiiiii,lucario
replays\bulk\episode-82533144-replay.json,Gotta Prompt ’Em All,alakazam
replays\bulk\episode-82539943-replay.json,kashiwashira,rockets-mewtwo
replays\bulk\episode-82541896-replay.json,Tak Jim,crustle
replays\bulk\episode-82549945-replay.json,kuromoka,other/unknown
replays\bulk\episode-82552748-replay.json,Tyshi79,alakazam
replays\bulk\episode-82554164-replay.json,KenPTCG,other/unknown
replays\bulk\episode-82555498-replay.json,Ryosuke SHIMIZU,lucario
replays\bulk\episode-82559817-replay.json,kose maeno,abomasnow
replays\bulk\episode-82565168-replay.json,MD. Nazmus Sakib Anik,starmie
replays\bulk\episode-82566273-replay.json,larry54321zhao,dragapult
replays\bulk\episode-82578361-replay.json,ytk03,crustle
replays\bulk\episode-82589369-replay.json,Mindnightdestroy,other/unknown
replays\bulk\episode-82594183-replay.json,Super Mippo,alakazam
replays\bulk\episode-82596823-replay.json,Paramita,lucario
replays\bulk\episode-82602366-replay.json,Yut176,crustle
replays\bulk\episode-82609760-replay.json,NayuNayu,dragapult
replays\bulk\episode-82616966-replay.json,jeruman,starmie
replays\bulk\episode-82619625-replay.json,capella,lucario
replays\bulk\episode-82629187-replay.json,kenn,other/unknown
replays\bulk\episode-82637402-replay.json,tk,other/unknown
replays\bulk\episode-82642458-replay.json,shogo1229,starmie
replays\bulk\episode-82647008-replay.json,Jason Anderson,alakazam
replays\bulk\episode-82647126-replay.json,PKMN Trainer L,lucario
replays\bulk\episode-82647779-replay.json,sati1996,dragapult
replays\bulk\episode-82648262-replay.json,Bigree,other/unknown
replays\bulk\episode-82648785-replay.json,Arnav Dagli,other/unknown
replays\bulk\episode-82649403-replay.json,FcoUniverse,abomasnow
replays\bulk\episode-82650067-replay.json,SunaD0630,other/unknown
replays\bulk\episode-82650561-replay.json,Kohecchi,lucario
replays\bulk\episode-82651230-replay.json,今井大登,dragapult
replays\bulk\episode-82651840-replay.json,hayle60,dragapult
replays\bulk\episode-82652290-replay.json,balake235,starmie
replays\bulk\episode-82652301-replay.json,Kawee Lekmuenwai,starmie
replays\bulk\episode-82652798-replay.json,Eamonn Kashyap,other/unknown
replays\bulk\episode-82653461-replay.json,seven,abomasnow
replays\bulk\episode-82653959-replay.json,hakobe,raging-bolt
replays\bulk\episode-82654630-replay.json,aosi123,other/unknown
replays\bulk\episode-82655117-replay.json,sakaitt,lucario
replays\bulk\episode-82655770-replay.json,toru,other/unknown
replays\bulk\episode-82656415-replay.json,YOGESH M,abomasnow
replays\bulk\episode-82656907-replay.json,Kentaro Hirose,alakazam
replays\bulk\episode-82657566-replay.json,amokun,crustle
replays\bulk\episode-82658223-replay.json,E_96tree,lucario
replays\bulk\episode-82658711-replay.json,Aikimi,starmie
replays\bulk\episode-82659339-replay.json,Sijin Yu,lucario
replays\bulk\episode-82660567-replay.json,koki334,starmie
replays\bulk\episode-82661998-replay.json,LeonArdoV.,lucario
replays\bulk\episode-82665810-replay.json,Rishav Dutta,starmie
replays\bulk\episode-82668570-replay.json,NaviCE,other/unknown
replays\bulk\episode-82671735-replay.json,kotsuton,lucario
replays\bulk\episode-82676394-replay.json,Jason Anderson,alakazam
replays\bulk\episode-82676966-replay.json,DOMinators,other/unknown
replays\bulk\episode-82677597-replay.json,原田龍馬,dragapult
replays\bulk\episode-82678236-replay.json,salmon2nd,other/unknown
replays\bulk\episode-82678442-replay.json,Sho Hasegawa,other/unknown
replays\bulk\episode-82678738-replay.json,3fk,archaludon
replays\bulk\episode-82679381-replay.json,Mikio,other/unknown
replays\bulk\episode-82680015-replay.json,klog,archaludon
replays\bulk\episode-82680660-replay.json,Shachify,lucario
replays\bulk\episode-82680860-replay.json,Noalith,crustle
replays\bulk\episode-82681309-replay.json,shanpu,crustle
replays\bulk\episode-82681953-replay.json,Nicholas Low,alakazam
replays\bulk\episode-82682450-replay.json,Evan Liu,abomasnow
replays\bulk\episode-82683093-replay.json,yskt_min,lucario
replays\bulk\episode-82683580-replay.json,MCH,archaludon
replays\bulk\episode-82684168-replay.json,nanocloudx,dragapult
replays\bulk\episode-82684224-replay.json,Miguel-jp,alakazam
replays\bulk\episode-82684863-replay.json,Shoto,lucario
replays\bulk\episode-82685344-replay.json,ゆとり,starmie
replays\bulk\episode-82685837-replay.json,Nozomi Maki,archaludon
replays\bulk\episode-82686468-replay.json,Aaron Fletcher,crustle
replays\bulk\episode-82686960-replay.json,TTITIM,lucario
replays\bulk\episode-82687593-replay.json,Xiaolei Lian,lucario
replays\bulk\episode-82688074-replay.json,Hiro Nomo,dragapult
replays\bulk\episode-82688717-replay.json,sukesuke012,lucario
replays\bulk\episode-82689366-replay.json,GIVE ME A JOB,crustle
replays\bulk\episode-82689857-replay.json,MPGaming,rockets-mewtwo
replays\bulk\episode-82690507-replay.json,SUGI,lucario
replays\bulk\episode-82690988-replay.json,ChillR,starmie
replays\bulk\episode-82691469-replay.json,nakkan_AI,archaludon
replays\bulk\episode-82691560-replay.json,Kazuhiro Sato,crustle
replays\bulk\episode-82691950-replay.json,Hale Obernolte,alakazam
replays\bulk\episode-82692374-replay.json,Jason Anderson,alakazam
replays\bulk\episode-82692611-replay.json,pepe,alakazam
replays\bulk\episode-82692953-replay.json,kekekk,lucario
replays\bulk\episode-82693078-replay.json,moeuuu,lucario
replays\bulk\episode-82693589-replay.json,Senn88,lucario
replays\bulk\episode-82694073-replay.json,Masataka Sawada,lucario
replays\bulk\episode-82694556-replay.json,capella,lucario
replays\bulk\episode-82695039-replay.json,oisho,alakazam
replays\bulk\episode-82695674-replay.json,GluePickel,alakazam
replays\bulk\episode-82695892-replay.json,psyrax012,other/unknown
replays\bulk\episode-82696313-replay.json,Testuo&Ryuji,alakazam
replays\bulk\episode-82696413-replay.json,XIAODOUZI,crustle
replays\bulk\episode-82696802-replay.json,nattomaki,dragapult
replays\bulk\episode-82697289-replay.json,morux2,dragapult
replays\bulk\episode-82697773-replay.json,nishikawa,dragapult
replays\bulk\episode-82698262-replay.json,HirotaSaurus,dragapult
replays\bulk\episode-82698442-replay.json,b13902103_yuhung94,dragapult
replays\bulk\episode-82698900-replay.json,Rixu324,starmie
replays\bulk\episode-82699533-replay.json,MPGaming,rockets-mewtwo
replays\bulk\episode-82700021-replay.json,Joshua Magady,other/unknown
replays\bulk\episode-82700512-replay.json,hookbook,alakazam
replays\bulk\episode-82700692-replay.json,ini,lucario
replays\bulk\episode-82701009-replay.json,yuhas0726,starmie
replays\bulk\episode-82701644-replay.json,Daniel Casellas,archaludon
replays\bulk\episode-82702282-replay.json,Noalith,crustle
replays\bulk\episode-82702922-replay.json,Klein Houmani,other/unknown
replays\bulk\episode-82703416-replay.json,KenPTCG,other/unknown
replays\bulk\episode-82704054-replay.json,Supermercado,archaludon
replays\bulk\episode-82704701-replay.json,WheeGyeom Kim,starmie
replays\bulk\episode-82705191-replay.json,miura-iori,other/unknown
replays\bulk\episode-82705646-replay.json,Jason Anderson,alakazam
replays\bulk\episode-82705890-replay.json,Yehun Jeon,starmie
replays\bulk\episode-82706221-replay.json,moe,other/unknown
replays\bulk\episode-82706329-replay.json,lilylily26,starmie
replays\bulk\episode-82706713-replay.json,Sonika20000002,lucario
replays\bulk\episode-82706816-replay.json,choku777,other/unknown
replays\bulk\episode-82707350-replay.json,Tsubasa Kanno,other/unknown
replays\bulk\episode-82707478-replay.json,miyakokonbu,starmie
replays\bulk\episode-82707995-replay.json,EfReI,dragapult
replays\bulk\episode-82708487-replay.json,toru,lucario
replays\bulk\episode-82708976-replay.json,kotone,dragapult
replays\bulk\episode-82709173-replay.json,Morcillones,abomasnow
replays\bulk\episode-82709625-replay.json,Abhinav_Abhinav_the_one,abomasnow
replays\bulk\episode-82710088-replay.json,IwaKri,archaludon
replays\bulk\episode-82710122-replay.json,ggbong,starmie
replays\bulk\episode-82710613-replay.json,TAKUTO INOUE,other/unknown
replays\bulk\episode-82710949-replay.json,Jason Anderson,alakazam
replays\bulk\episode-82711040-replay.json,Masatoshi Henmi,other/unknown
replays\bulk\episode-82711107-replay.json,Phil Franco,other/unknown
replays\bulk\episode-82711528-replay.json,ごんさくよねきち,archaludon
replays\bulk\episode-82711589-replay.json,Issy,lucario
replays\bulk\episode-82712161-replay.json,D kameT,lucario
replays\bulk\episode-82712217-replay.json,DiadoraTCG,starmie
replays\bulk\episode-82712797-replay.json,eryu1225,crustle
replays\bulk\episode-82712866-replay.json,Nozomi Maki,archaludon
replays\bulk\episode-82713437-replay.json,KiChang.Kim,alakazam
replays\bulk\episode-82713508-replay.json,たいたん,other/unknown
replays\bulk\episode-82713928-replay.json,EmoLab,dragapult
replays\bulk\episode-82713999-replay.json,satoshi rizard,dragapult
replays\bulk\episode-82714417-replay.json,Hanliu0408,other/unknown
replays\bulk\episode-82714479-replay.json,Rushil Ramachandran,starmie
replays\bulk\episode-82715063-replay.json,Kiyotaka Kobayashi,other/unknown
replays\bulk\episode-82715125-replay.json,CodeHacker,archaludon
replays\bulk\episode-82715555-replay.json,altvision,other/unknown
replays\bulk\episode-82715610-replay.json,YOGA RAJ 1503,abomasnow
replays\bulk\episode-82716046-replay.json,chephes,other/unknown
replays\bulk\episode-82716096-replay.json,FromAtom,starmie
replays\bulk\episode-82716533-replay.json,Hiroki Maruo,dragapult
replays\bulk\episode-82716589-replay.json,chocoseiya,starmie
replays\bulk\episode-82717023-replay.json,OOM,starmie
replays\bulk\episode-82717078-replay.json,TutaevAlim,other/unknown
replays\bulk\episode-82717670-replay.json,MATSUMOTO Ryutaro,abomasnow
replays\bulk\episode-82717734-replay.json,Itton_knight,alakazam
replays\bulk\episode-82718303-replay.json,Alex DR,other/unknown
replays\bulk\episode-82718358-replay.json,coken256kit,crustle
replays\bulk\episode-82718935-replay.json,今井大登,other/unknown
replays\bulk\episode-82718991-replay.json,GoodSmell,lucario
replays\bulk\episode-82719031-replay.json,Jerryssk31,starmie
replays\bulk\episode-82719589-replay.json,Libur_,starmie
replays\bulk\episode-82719640-replay.json,porply,abomasnow
replays\bulk\episode-82720231-replay.json,しろしろ,lucario
replays\bulk\episode-82720278-replay.json,ShiumAI,alakazam
replays\bulk\episode-82720860-replay.json,kaneko takafumi,starmie
replays\bulk\episode-82720914-replay.json,Koshiro Yasuyama,crustle
replays\bulk\episode-82721410-replay.json,安藤駿介,other/unknown
replays\bulk\episode-82721457-replay.json,Dongwook Kim,lucario
replays\bulk\episode-82721934-replay.json,Andrin Rehmann,starmie
replays\bulk\episode-82722599-replay.json,Remi Wynthein,abomasnow
replays\bulk\episode-82723100-replay.json,Hiểu Vy,lucario
replays\bulk\episode-82723603-replay.json,ImANoob1122,other/unknown
replays\bulk\episode-82723614-replay.json,Dongwook Kim,lucario
replays\bulk\episode-82724101-replay.json,Masataka Sawada,lucario
replays\bulk\episode-82724777-replay.json,tabby,other/unknown
replays\bulk\episode-82725417-replay.json,rikulist,other/unknown
replays\bulk\episode-82727612-replay.json,yuki matsumori,dragapult
replays\bulk\episode-82731829-replay.json,kinocode,other/unknown
replays\bulk\episode-82740752-replay.json,stellab,abomasnow
replays\bulk\episode-82741353-replay.json,Tsubasa Kanno,starmie
replays\bulk\episode-82745273-replay.json,sou yamaguchi,other/unknown
replays\bulk\episode-82759339-replay.json,YAKIIMO3,crustle
replays\bulk\episode-82761389-replay.json,Sky kun,archaludon
replays\bulk\episode-82766019-replay.json,tonpeeee_pokemon,starmie
replays\bulk\episode-82779632-replay.json,P.J Leek,other/unknown
replays\bulk\episode-82792200-replay.json,Pokemick,other/unknown
replays\bulk\episode-82805090-replay.json,Jake Palanca,starmie
replays\bulk\episode-82805094-replay.json,GUOHAOYANG,lucario
replays\bulk\episode-82806810-replay.json,NuuNohjo,raging-bolt
replays\bulk\episode-82810853-replay.json,ShuHaya,abomasnow
replays\bulk\episode-82815923-replay.json,Roo333,archaludon
replays\bulk\episode-82816294-replay.json,CIARANA,archaludon
replays\bulk\episode-82821221-replay.json,Sakito Horie,archaludon
replays\bulk\episode-82825737-replay.json,Murat Kolic,dragapult
replays\bulk\episode-82827752-replay.json,pokeka_ryo,starmie
replays\bulk\episode-82832409-replay.json,SOUTA Sakurai,starmie
replays\bulk\episode-82833711-replay.json,Kirby Tran,other/unknown
replays\bulk\episode-82835861-replay.json,Rishav Dutta,starmie
replays\bulk\episode-82840228-replay.json,vvs,archaludon
replays\bulk\episode-82843766-replay.json,discoverybytes,starmie
replays\bulk\episode-82851769-replay.json,Capitaalgain,dragapult
replays\bulk\episode-82867366-replay.json,Patrick M.,abomasnow
replays\bulk\episode-82869464-replay.json,Jose Coronel,other/unknown
replays\bulk\episode-82870692-replay.json,kurikuri54,starmie
replays\bulk\episode-82874612-replay.json,Jason Anderson,alakazam
replays\bulk\episode-82874712-replay.json,Kaiba Corporation,alakazam
replays\bulk\episode-82875354-replay.json,Thazzeus,lucario
replays\bulk\episode-82875994-replay.json,Forager,starmie
replays\bulk\episode-82876641-replay.json,Ajito Nelson,other/unknown
replays\bulk\episode-82877127-replay.json,ebisu_ya,abomasnow
replays\bulk\episode-82877618-replay.json,TmT,other/unknown
replays\bulk\episode-82878259-replay.json,naokichi4869,crustle
replays\bulk\episode-82878898-replay.json,MachinaExMachina,crustle
replays\bulk\episode-82879538-replay.json,The8BitsLab,abomasnow
replays\bulk\episode-82880181-replay.json,xyc6667,lucario
replays\bulk\episode-82880848-replay.json,Coconnut,archaludon
replays\bulk\episode-82881669-replay.json,toshizo,lucario
replays\bulk\episode-82882323-replay.json,Yizhi,other/unknown
replays\bulk\episode-82882991-replay.json,treo_hihihi,alakazam
replays\bulk\episode-82883666-replay.json,SoraTakanashi,archaludon
replays\bulk\episode-82884337-replay.json,secchanu,dragapult
replays\bulk\episode-82885010-replay.json,SantaClaws,starmie
replays\bulk\episode-82885826-replay.json,yuna5577,crustle
replays\bulk\episode-82886631-replay.json,watawata_user,abomasnow
replays\bulk\episode-82887306-replay.json,Nidy,abomasnow
replays\bulk\episode-82887979-replay.json,Kamalesh Panda,lucario
replays\bulk\episode-82888649-replay.json,Kouhei　Sakamoto,dragapult
replays\bulk\episode-82889591-replay.json,THE TORQUE WRENCHES,archaludon
replays\bulk\episode-82889986-replay.json,mayuki,other/unknown
replays\bulk\episode-82890653-replay.json,MADICHETTY SAI RUCHITHA,bellibolt
replays\bulk\episode-82891312-replay.json,shushu,abomasnow
replays\bulk\episode-82892141-replay.json,Ryota Matsuki,lucario
replays\bulk\episode-82892917-replay.json,KT MATA,raging-bolt
replays\bulk\episode-82893562-replay.json,NTUPM,abomasnow
replays\bulk\episode-82894417-replay.json,Kakimoto Takahiro,lucario
replays\bulk\episode-82894562-replay.json,Zwieks,lucario
replays\bulk\episode-82896396-replay.json,YU YAUCHI,starmie
replays\bulk\episode-82898063-replay.json,hau,other/unknown
replays\bulk\episode-82901051-replay.json,Jason Anderson,alakazam
replays\bulk\episode-82901148-replay.json,ankounabe114,crustle
replays\bulk\episode-82901783-replay.json,Tak Jim,crustle
replays\bulk\episode-82902576-replay.json,wmore8,other/unknown
replays\bulk\episode-82902787-replay.json,あかくま屋,alakazam
replays\bulk\episode-82903375-replay.json,Blacklions.,lucario
replays\bulk\episode-83868804-replay.json,gtansu,alakazam
replays\v22\83156504.json,japan nobu,alakazam
replays\v22\83157922.json,Alfonso Sánchez,alakazam
replays\v22\83159402.json,ikaikasama,dragapult
replays\v23\83166796.json,Kazuta MIZUTA,archaludon
replays\v23\83168091.json,Tsuyoshi Chiba,alakazam
replays\v23\83168738.json,Thazzeus,lucario
replays\v23\83173539.json,titanascended,lucario
replays\v23\83175768.json,need a job (we're unemployed),grimmsnarl
replays\v23\83296936.json,tellusium,starmie
replays\v23\83309593.json,StockMagikarp,abomasnow
replays\v23\83327563.json,IIDA,starmie
replays\v23\83332461.json,suguuuuu & hiehie,rockets-mewtwo
replays\v23\83344386.json,kajitake,dragapult
replays\v23\83347329.json,KellersInColorado,dragapult
replays\v23\83348630.json,ヌメルゴンex,crustle
replays\v23\83358041 (1).json,Akhil Chinta,archaludon
replays\v23\83358041.json,Akhil Chinta,archaludon
replays\v23\83367960.json,monnosuke,dragapult
replays\v25.2\83454333.json,MooDerEchte,crustle
replays\v25.2\83455146.json,Praxel,archaludon
replays\v25.2\83455814.json,Praxel,archaludon
replays\v25.2\83458785.json,Davide,starmie
replays\v25.2\83459589.json,baudo828,crustle
replays\v25.2\83461698.json,"Pikachu, I choose you!",lucario
replays\v25.2\83462350.json,curry panda ex,lucario
replays\v25\83429870-1.json,?,PARSE_ERROR('list' object has no attribute 'get')
replays\v25\83429870.json,Kento_1938,other/unknown
replays\v26c\83469078.json,hoodrichpirobo,alakazam
